-- phpMyAdmin SQL Dump
-- version 4.9.2
-- https://www.phpmyadmin.net/
--
-- Host: 127.0.0.1
-- Generation Time: Feb 26, 2020 at 01:09 PM
-- Server version: 10.4.11-MariaDB
-- PHP Version: 7.2.26

SET SQL_MODE = "NO_AUTO_VALUE_ON_ZERO";
SET AUTOCOMMIT = 0;
START TRANSACTION;
SET time_zone = "+00:00";


/*!40101 SET @OLD_CHARACTER_SET_CLIENT=@@CHARACTER_SET_CLIENT */;
/*!40101 SET @OLD_CHARACTER_SET_RESULTS=@@CHARACTER_SET_RESULTS */;
/*!40101 SET @OLD_COLLATION_CONNECTION=@@COLLATION_CONNECTION */;
/*!40101 SET NAMES utf8mb4 */;

--
-- Database: `toppersplanet`
--

-- --------------------------------------------------------

--
-- Table structure for table `answer`
--

CREATE TABLE `answer` (
  `eid` text NOT NULL,
  `sn` int(11) NOT NULL,
  `ansid` varchar(5) NOT NULL
) ENGINE=InnoDB DEFAULT CHARSET=latin1;

--
-- Dumping data for table `answer`
--

INSERT INTO `answer` (`eid`, `sn`, `ansid`) VALUES
('736647db', 1, 'B'),
('736647db', 2, 'A'),
('736647db', 3, 'C'),
('736647db', 4, 'C'),
('736647db', 5, 'D'),
('736647db', 6, 'D'),
('736647db', 7, 'B'),
('736647db', 8, 'B'),
('736647db', 9, 'C'),
('736647db', 10, 'C'),
('736647db', 11, 'D'),
('736647db', 12, 'A'),
('736647db', 13, 'C'),
('736647db', 14, 'C'),
('736647db', 15, 'B'),
('736647db', 16, 'D'),
('736647db', 17, 'B'),
('736647db', 18, 'A'),
('736647db', 19, 'B'),
('736647db', 20, 'C'),
('fad8b9aa', 1, 'A'),
('fad8b9aa', 2, 'C'),
('fad8b9aa', 3, 'D'),
('fad8b9aa', 4, 'A'),
('fad8b9aa', 5, 'C'),
('fad8b9aa', 6, 'A'),
('fad8b9aa', 7, 'D'),
('fad8b9aa', 8, 'B'),
('fad8b9aa', 9, 'C'),
('fad8b9aa', 10, 'D'),
('fad8b9aa', 11, 'D'),
('fad8b9aa', 12, 'B'),
('fad8b9aa', 13, 'B'),
('fad8b9aa', 14, 'B'),
('fad8b9aa', 15, 'B'),
('fad8b9aa', 16, 'B'),
('fad8b9aa', 17, 'B'),
('fad8b9aa', 18, 'C'),
('fad8b9aa', 19, 'A'),
('fad8b9aa', 20, 'D'),
('9f571dfa', 1, 'C'),
('9f571dfa', 2, 'C'),
('9f571dfa', 3, 'B'),
('9f571dfa', 4, 'C'),
('9f571dfa', 5, 'B'),
('9f571dfa', 6, 'B'),
('9f571dfa', 7, 'A'),
('9f571dfa', 8, 'C'),
('9f571dfa', 9, 'B'),
('9f571dfa', 10, 'A'),
('9f571dfa', 11, 'B'),
('9f571dfa', 12, 'C'),
('9f571dfa', 13, 'C'),
('9f571dfa', 14, 'C'),
('9f571dfa', 15, 'A'),
('9f571dfa', 16, 'D'),
('9f571dfa', 17, 'A'),
('9f571dfa', 18, 'B'),
('9f571dfa', 19, 'C'),
('9f571dfa', 20, 'A'),
('3aee51b5', 1, 'A'),
('3aee51b5', 2, 'B'),
('3aee51b5', 3, 'B'),
('3aee51b5', 4, 'D'),
('3aee51b5', 5, 'B'),
('3aee51b5', 6, 'D'),
('3aee51b5', 7, 'B'),
('3aee51b5', 8, 'B'),
('3aee51b5', 9, 'B'),
('3aee51b5', 10, 'A'),
('3aee51b5', 11, 'A'),
('3aee51b5', 12, 'C'),
('3aee51b5', 13, 'A'),
('3aee51b5', 14, 'B'),
('3aee51b5', 15, 'D'),
('3aee51b5', 16, 'D'),
('3aee51b5', 17, 'A'),
('3aee51b5', 18, 'B'),
('3aee51b5', 19, 'A'),
('3aee51b5', 20, 'B'),
('2c5b4697', 1, 'A'),
('2c5b4697', 2, 'C'),
('2c5b4697', 3, 'B'),
('2c5b4697', 4, 'C'),
('2c5b4697', 5, 'A'),
('2c5b4697', 6, 'D'),
('2c5b4697', 7, 'D'),
('2c5b4697', 8, 'A'),
('2c5b4697', 9, 'B'),
('2c5b4697', 10, 'C'),
('2c5b4697', 11, 'B'),
('2c5b4697', 12, 'B'),
('2c5b4697', 13, 'D'),
('2c5b4697', 14, 'D'),
('2c5b4697', 15, 'B'),
('2c5b4697', 16, 'B'),
('2c5b4697', 17, 'C'),
('2c5b4697', 18, 'C'),
('2c5b4697', 19, 'B'),
('2c5b4697', 20, 'B'),
('f9229d6c', 1, 'B'),
('f9229d6c', 2, 'C'),
('f9229d6c', 3, 'C'),
('f9229d6c', 4, 'C'),
('f9229d6c', 5, 'D'),
('f9229d6c', 6, 'D'),
('f9229d6c', 7, 'B'),
('f9229d6c', 8, 'C'),
('f9229d6c', 9, 'C'),
('f9229d6c', 10, 'B'),
('f9229d6c', 11, 'A'),
('f9229d6c', 12, 'B'),
('f9229d6c', 13, 'D'),
('f9229d6c', 14, 'A'),
('f9229d6c', 15, 'A'),
('f9229d6c', 16, 'D'),
('f9229d6c', 17, 'B'),
('f9229d6c', 18, 'A'),
('f9229d6c', 19, 'B'),
('f9229d6c', 20, 'D');

-- --------------------------------------------------------

--
-- Table structure for table `history`
--

CREATE TABLE `history` (
  `serial` varchar(1000) DEFAULT NULL,
  `name` text NOT NULL,
  `email` text NOT NULL,
  `Quiz` text NOT NULL,
  `score` int(50) NOT NULL,
  `right` int(50) NOT NULL,
  `wrong` int(11) NOT NULL,
  `Date` timestamp NOT NULL DEFAULT current_timestamp() ON UPDATE current_timestamp()
) ENGINE=InnoDB DEFAULT CHARSET=latin1;

-- --------------------------------------------------------

--
-- Table structure for table `marked`
--

CREATE TABLE `marked` (
  `eid` text NOT NULL,
  `sn` int(50) NOT NULL,
  `marked` int(5) NOT NULL
) ENGINE=InnoDB DEFAULT CHARSET=latin1;

-- --------------------------------------------------------

--
-- Table structure for table `options`
--

CREATE TABLE `options` (
  `eid` text NOT NULL,
  `sn` varchar(50) NOT NULL,
  `option` varchar(5000) NOT NULL,
  `optionid` varchar(5) NOT NULL
) ENGINE=InnoDB DEFAULT CHARSET=latin1;

--
-- Dumping data for table `options`
--

INSERT INTO `options` (`eid`, `sn`, `option`, `optionid`) VALUES
('fad8b9aa', '1', '0.5 s', 'A'),
('fad8b9aa', '1', '0.75 s', 'B'),
('fad8b9aa', '1', '0.125 s', 'C'),
('fad8b9aa', '1', '0.25 s', 'D'),
('fad8b9aa', '2', ' mF/M', 'A'),
('fad8b9aa', '2', '(M m)F/m ', 'B'),
('fad8b9aa', '2', ' mF/(m+M)', 'C'),
('fad8b9aa', '2', ' MF/(m+ M)', 'D'),
('fad8b9aa', '3', '1000', 'A'),
('fad8b9aa', '3', '10000', 'B'),
('fad8b9aa', '3', '10', 'C'),
('fad8b9aa', '3', '100', 'D'),
('fad8b9aa', '4', '1/3', 'A'),
('fad8b9aa', '4', '1/2', 'B'),
('fad8b9aa', '4', '1/6', 'C'),
('fad8b9aa', '4', '1/4', 'D'),
('fad8b9aa', '5', ' Constant Force ', 'A'),
('fad8b9aa', '5', ' Constant linear momentum ', 'B'),
('fad8b9aa', '5', 'zero torque', 'C'),
('fad8b9aa', '5', 'constant torque', 'D'),
('fad8b9aa', '6', '5.5', 'A'),
('fad8b9aa', '6', '2.5', 'B'),
('fad8b9aa', '6', '0.11', 'C'),
('fad8b9aa', '6', '8.5', 'D'),
('fad8b9aa', '7', 'K', 'A'),
('fad8b9aa', '7', '0', 'B'),
('fad8b9aa', '7', 'K/2', 'C'),
('fad8b9aa', '7', 'K/4', 'D'),
('fad8b9aa', '8', '99 J', 'A'),
('fad8b9aa', '8', '90 J', 'B'),
('fad8b9aa', '8', '1 J', 'C'),
('fad8b9aa', '8', '100 J', 'D'),
('fad8b9aa', '9', '96', 'A'),
('fad8b9aa', '9', '144', 'B'),
('fad8b9aa', '9', '192', 'C'),
('fad8b9aa', '9', '288', 'D'),
('fad8b9aa', '10', '300', 'A'),
('fad8b9aa', '10', '150', 'B'),
('fad8b9aa', '10', '3', 'C'),
('fad8b9aa', '10', '30', 'D'),
('fad8b9aa', '11', '22 N', 'A'),
('fad8b9aa', '11', '4 N', 'B'),
('fad8b9aa', '11', '16 N', 'C'),
('fad8b9aa', '11', '20 N', 'D'),
('fad8b9aa', '12', '1/12', 'A'),
('fad8b9aa', '12', '1/6', 'B'),
('fad8b9aa', '12', '1/4', 'C'),
('fad8b9aa', '12', '1/3', 'D'),
('fad8b9aa', '13', '100 S', 'A'),
('fad8b9aa', '13', '0.01 s', 'B'),
('fad8b9aa', '13', '10 S', 'C'),
('fad8b9aa', '13', '0.1 s', 'D'),
('fad8b9aa', '14', '10.5 Hz', 'A'),
('fad8b9aa', '14', '105 Hz', 'B'),
('fad8b9aa', '14', '1.05 Hz', 'C'),
('fad8b9aa', '14', '1050 Hz', 'D'),
('fad8b9aa', '15', 'monoatomic', 'A'),
('fad8b9aa', '15', 'diatomic', 'B'),
('fad8b9aa', '15', 'triatomic', 'C'),
('fad8b9aa', '15', 'a mixture of a monoatomic and diatomic', 'D'),
('fad8b9aa', '16', '3 × 10^4 J ', 'A'),
('fad8b9aa', '16', '5× 10^4 J ', 'B'),
('fad8b9aa', '16', '6 × 10^4 J ', 'C'),
('fad8b9aa', '16', '7× 10^4 J ', 'D'),
('fad8b9aa', '17', '49 m ', 'A'),
('fad8b9aa', '17', '98 m', 'B'),
('fad8b9aa', '17', '147 m', 'C'),
('fad8b9aa', '17', '196 m', 'D'),
('fad8b9aa', '18', '4', 'A'),
('fad8b9aa', '18', '3', 'B'),
('fad8b9aa', '18', '2', 'C'),
('fad8b9aa', '18', '1', 'D'),
('fad8b9aa', '19', 'one minute', 'A'),
('fad8b9aa', '19', 'half minute', 'B'),
('fad8b9aa', '19', 'one degree', 'C'),
('fad8b9aa', '19', 'half degree', 'D'),
('fad8b9aa', '20', '2 &#8594; 1 ', 'A'),
('fad8b9aa', '20', '3 &#8594; 1 ', 'B'),
('fad8b9aa', '20', '4 &#8594; 2 ', 'C'),
('fad8b9aa', '20', '5 &#8594; 4', 'D'),
('736647db', '1', '-20', 'A'),
('736647db', '1', '-10', 'B'),
('736647db', '1', '20', 'C'),
('736647db', '1', '10', 'D'),
('736647db', '2', 'the momentum changes but the kinetic energy is constant', 'A'),
('736647db', '2', 'both momentum and kinetic energy of the particle are not constant', 'B'),
('736647db', '2', 'both momentum and kinetic energy of the particle are constant', 'C'),
('736647db', '2', 'kinetic energy changes but the momentum is constant', 'D'),
('736647db', '3', ' 2 ohm', 'A'),
('736647db', '3', '1 ohm', 'B'),
('736647db', '3', '4 ohm', 'C'),
('736647db', '3', '3 ohm', 'D'),
('736647db', '4', 'n = 2 to n = 6 ', 'A'),
('736647db', '4', 'n = 6 to n = 2 ', 'B'),
('736647db', '4', 'n = 2 to n = 1 ', 'C'),
('736647db', '4', 'n = 1 to n = 2', 'D'),
('736647db', '5', '5/3 Volt/µm and in the ?ve x direction ', 'A'),
('736647db', '5', '5/3 Volt/µm and in the +ve x direction', 'B'),
('736647db', '5', '10/9 Volt /µm and in the ?ve x direction ', 'C'),
('736647db', '5', '10/9 Volt/µm and in the +ve x direction', 'D'),
('736647db', '7', 'X will decay faster than Y', 'A'),
('736647db', '7', 'Y will decay faster than X', 'B'),
('736647db', '7', 'X and Y have same decay rate initially', 'C'),
('736647db', '7', 'X and Y decay at same rate always', 'D'),
('736647db', '8', 'both the neutron number and the proton number change', 'A'),
('736647db', '8', 'both the neutron number and the proton number change', 'B'),
('736647db', '8', 'only the neutron number changes', 'C'),
('736647db', '8', 'only the proton number changes', 'D'),
('736647db', '9', 'the magnetic field is zero only on the axis of the pipe', 'A'),
('736647db', '9', 'the magnetic field is zero only on the axis of the pipe', 'B'),
('736647db', '9', 'the magnetic field at any point inside the pipe is zero', 'C'),
('736647db', '9', 'the magnetic field at any point inside the pipe is zero', 'D'),
('736647db', '10', ' 1/4 ', 'A'),
('736647db', '10', '4', 'B'),
('736647db', '10', '1', 'C'),
('736647db', '10', '1/2', 'D'),
('736647db', '11', 'a torque only', 'A'),
('736647db', '11', 'a translational force only in the direction of the field', 'B'),
('736647db', '11', 'a translational force only in the direction of the field', 'C'),
('736647db', '11', 'a torque as well as a translational force', 'D'),
('736647db', '12', '2', 'A'),
('736647db', '12', '1', 'B'),
('736647db', '12', '1/2', 'C'),
('736647db', '12', '1/4', 'D'),
('736647db', '13', 'circle', 'A'),
('736647db', '13', 'helix', 'B'),
('736647db', '13', 'straight line ', 'C'),
('736647db', '13', 'ellipse', 'D'),
('736647db', '14', 'attract all three of them', 'A'),
('736647db', '14', 'attract N1 and N2 strongly but repel N3', 'B'),
('736647db', '14', 'attract N1 strongly, N2 weakly and repel N3 weakly', 'C'),
('736647db', '14', 'attract N1 strongly, N2 weakly and repel N3 weakly', 'D'),
('736647db', '15', 'D1 > D2', 'A'),
('736647db', '15', 'D1 > D2', 'B'),
('736647db', '15', 'D1 = D2', 'C'),
('736647db', '15', 'D1 can be less than or greater than depending upon the angle of prism ', 'D'),
('736647db', '16', '4 × 10?3 V ', 'A'),
('736647db', '16', '4 × 10?3 V ', 'B'),
('736647db', '16', '40 V ', 'C'),
('736647db', '16', '250 V', 'D'),
('736647db', '17', '200°C ', 'A'),
('736647db', '17', '300°C ', 'B'),
('736647db', '17', '400°C ', 'C'),
('736647db', '17', '500°C ', 'D'),
('736647db', '18', 'N.A.B.? ', 'A'),
('736647db', '18', 'N.A.B.R.?', 'B'),
('736647db', '18', 'N.A.B', 'C'),
('736647db', '18', 'N.A.B.R ', 'D'),
('736647db', '19', 'X-ray region ', 'A'),
('736647db', '19', 'ultra-violet region', 'B'),
('736647db', '19', 'infra-red region ', 'C'),
('736647db', '19', 'visible region', 'D'),
('736647db', '20', 'Metallic binding ', 'A'),
('736647db', '20', 'Ionic binding', 'B'),
('736647db', '20', 'Covalent binding ', 'C'),
('736647db', '20', 'Van der Waals binding', 'D'),
('736647db', '6', 'The number of free conduction electrons is significant in C but small in Si and Ge.', 'A'),
('736647db', '6', 'The number of free conduction electrons is negligible small in all the three.', 'B'),
('736647db', '6', 'The number of free electrons for conduction is significant in all the three.', 'C'),
('736647db', '6', 'The number of free electrons for conduction is significant only in Si and Ge but small in C', 'D'),
('f9229d6c', '1', '108 pm', 'A'),
('f9229d6c', '1', '127 pm ', 'B'),
('f9229d6c', '1', '157 pm ', 'C'),
('f9229d6c', '1', '181 pm', 'D'),
('f9229d6c', '2', '230.3 minutes', 'A'),
('f9229d6c', '2', '23.03 minutes', 'B'),
('f9229d6c', '2', '46.06 minutes', 'C'),
('f9229d6c', '2', '460.6 minutes', 'D'),
('f9229d6c', '3', 'benzoic acid', 'A'),
('f9229d6c', '3', 'salicylaldehyde', 'B'),
('f9229d6c', '3', 'salicylic acid', 'C'),
('f9229d6c', '3', 'phthalic acid', 'D'),
('f9229d6c', '4', 'propene', 'A'),
('f9229d6c', '4', '2-methyl propene', 'B'),
('f9229d6c', '4', '2-butene', 'C'),
('f9229d6c', '4', '2- methyl -2- butane', 'D'),
('f9229d6c', '5', 'CH3OH ', 'A'),
('f9229d6c', '5', 'HCHO ', 'B'),
('f9229d6c', '5', 'CH3COCH3', 'C'),
('f9229d6c', '5', 'CH3COOH', 'D'),
('f9229d6c', '6', 'CH3COCl ', 'A'),
('f9229d6c', '6', 'CH3CH2Cl', 'B'),
('f9229d6c', '6', 'CH2CLCH2Cl', 'C'),
('f9229d6c', '6', 'CH3CHCl2', 'D'),
('f9229d6c', '7', '2-methylbutane', 'A'),
('f9229d6c', '7', '2, 2-dimethylpropane ', 'B'),
('f9229d6c', '7', '2-methylpropane', 'C'),
('f9229d6c', '7', '2,2-dimethylbutane', 'D'),
('f9229d6c', '8', '-OH and -COOH ', 'A'),
('f9229d6c', '8', '-CHO and -COOH ', 'B'),
('f9229d6c', '8', '> C = O and - OH ', 'C'),
('f9229d6c', '8', '- OH and –CHO', 'D'),
('f9229d6c', '9', 'So2 (solid) ', 'A'),
('f9229d6c', '9', 'I2', 'B'),
('f9229d6c', '9', 'Diamond ', 'C'),
('f9229d6c', '9', 'H2O(Ice)', 'D'),
('f9229d6c', '10', 'p-type semiconductor', 'A'),
('f9229d6c', '10', 'n-type semiconductor', 'B'),
('f9229d6c', '10', 'intrinsic semiconductor', 'C'),
('f9229d6c', '10', ' insulator', 'D'),
('f9229d6c', '11', 'Pseudo solids ', 'A'),
('f9229d6c', '11', 'True solids ', 'B'),
('f9229d6c', '11', 'Cooled liquids ', 'C'),
('f9229d6c', '11', 'Super cooled solids', 'D'),
('f9229d6c', '12', '62.7 % ', 'A'),
('f9229d6c', '12', '52.4% ', 'B'),
('f9229d6c', '12', '74% ', 'C'),
('f9229d6c', '12', '28% ', 'D'),
('f9229d6c', '13', '1 and 4 ', 'A'),
('f9229d6c', '13', '2 and 6 ', 'B'),
('f9229d6c', '13', '6 and 9 ', 'C'),
('f9229d6c', '13', '6 and 8', 'D'),
('f9229d6c', '14', '4', 'A'),
('f9229d6c', '14', '2', 'B'),
('f9229d6c', '14', '8', 'C'),
('f9229d6c', '14', '1', 'D'),
('f9229d6c', '15', 'Pseudo solids ', 'A'),
('f9229d6c', '15', 'True solids ', 'B'),
('f9229d6c', '15', 'Cooled liquids ', 'C'),
('f9229d6c', '15', 'Super cooled solids', 'D'),
('f9229d6c', '16', '254 pm ', 'A'),
('f9229d6c', '16', '350 pm ', 'B'),
('f9229d6c', '16', '4.07 pm', 'C'),
('f9229d6c', '16', '353.5 pm', 'D'),
('f9229d6c', '17', 'Monoclinic', 'A'),
('f9229d6c', '17', ' Triclinic', 'B'),
('f9229d6c', '17', 'Tetragonal', 'C'),
('f9229d6c', '17', 'Orthorhombic', 'D'),
('f9229d6c', '18', 'Diamagnetic', 'A'),
('f9229d6c', '18', 'Ferromagnetic', 'B'),
('f9229d6c', '18', ' Ferromagnetic', 'C'),
('f9229d6c', '18', 'Para magnetic', 'D'),
('f9229d6c', '19', '62.7 %', 'A'),
('f9229d6c', '19', '52.4%', 'B'),
('f9229d6c', '19', '74% ', 'C'),
('f9229d6c', '19', '28%', 'D'),
('f9229d6c', '20', '1 and 4', 'A'),
('f9229d6c', '20', '2 and 6 ', 'B'),
('f9229d6c', '20', '2 and 6 ', 'C'),
('f9229d6c', '20', '6 and 8', 'D'),
('3aee51b5', '1', '601', 'A'),
('3aee51b5', '1', '600', 'B'),
('3aee51b5', '1', '603', 'C'),
('3aee51b5', '1', '602', 'D'),
('3aee51b5', '2', ' b+c', 'A'),
('3aee51b5', '2', 'a+b', 'B'),
('3aee51b5', '2', ' a+b+c', 'C'),
('3aee51b5', '2', ' c+a', 'D'),
('3aee51b5', '3', 'G.P', 'A'),
('3aee51b5', '3', 'A.P', 'B'),
('3aee51b5', '3', 'Arithmetic-geometric progression', 'C'),
('3aee51b5', '3', 'H.P', 'D'),
('3aee51b5', '4', 'an ellipse', 'A'),
('3aee51b5', '4', 'a circle', 'B'),
('3aee51b5', '4', 'a parabola', 'C'),
('3aee51b5', '4', 'a hyperbola', 'D'),
('3aee51b5', '5', ' 0 ', 'A'),
('3aee51b5', '5', ' 90 ', 'B'),
('3aee51b5', '5', '45', 'C'),
('3aee51b5', '5', '30', 'D'),
('3aee51b5', '6', '21', 'A'),
('3aee51b5', '6', '12', 'B'),
('3aee51b5', '6', '9', 'C'),
('3aee51b5', '6', '108', 'D'),
('3aee51b5', '7', '8', 'A'),
('3aee51b5', '7', '8!', 'B'),
('3aee51b5', '7', '7!', 'C'),
('3aee51b5', '7', '7', 'D'),
('3aee51b5', '8', '3', 'A'),
('3aee51b5', '8', '6', 'B'),
('3aee51b5', '8', '24', 'C'),
('3aee51b5', '8', '120', 'D'),
('3aee51b5', '9', 'y+x=0', 'A'),
('3aee51b5', '9', 'y=x', 'B'),
('3aee51b5', '9', 'x+y=1', 'C'),
('3aee51b5', '9', 'None of these', 'D'),
('3aee51b5', '10', '(3,-1)', 'A'),
('3aee51b5', '10', '(-3,1)', 'B'),
('3aee51b5', '10', '(1,1)', 'C'),
('3aee51b5', '10', 'None of these', 'D'),
('3aee51b5', '11', '(3,1) and (-7,11)', 'A'),
('3aee51b5', '11', '(-3,7) and (2,2)', 'B'),
('3aee51b5', '11', '(-3,7) and (-7,11)', 'C'),
('3aee51b5', '11', 'None of these', 'D'),
('3aee51b5', '12', 'Not Concurrent', 'A'),
('3aee51b5', '12', 'Concurrent at(1,-1)', 'B'),
('3aee51b5', '12', 'concurrent at(1,1)', 'C'),
('3aee51b5', '12', 'None of these', 'D'),
('3aee51b5', '13', 'square', 'A'),
('3aee51b5', 'circle', '0.01 s', 'B'),
('3aee51b5', '13', 'straight line', 'C'),
('3aee51b5', '13', 'two intersecting lines', 'D'),
('3aee51b5', '14', '1', 'A'),
('3aee51b5', '14', '-1', 'B'),
('3aee51b5', '14', '2', 'C'),
('3aee51b5', '14', '-2', 'D'),
('3aee51b5', '15', 'an ellipse', 'A'),
('3aee51b5', '15', 'a circle', 'B'),
('3aee51b5', '15', 'a hyperbola', 'C'),
('3aee51b5', '15', 'a parabola', 'D'),
('3aee51b5', '16', '5', 'A'),
('3aee51b5', '16', '6', 'B'),
('3aee51b5', '16', '16', 'C'),
('3aee51b5', '16', '32', 'D'),
('3aee51b5', '17', '{0}', 'A'),
('3aee51b5', '17', '{1}', 'B'),
('3aee51b5', '17', '{1,1}', 'C'),
('3aee51b5', '17', '{1,-1}', 'D'),
('3aee51b5', '18', '{0,-1}', 'A'),
('3aee51b5', '18', '{1,-1}', 'B'),
('3aee51b5', '18', '{-1}', 'C'),
('3aee51b5', '18', '{-1,-1}', 'D'),
('3aee51b5', '19', 'into function', 'A'),
('3aee51b5', '19', 'onto function', 'B'),
('3aee51b5', '19', 'surjective', 'C'),
('3aee51b5', '19', 'none of these', 'D'),
('3aee51b5', '20', 'into function', 'A'),
('3aee51b5', '20', 'onto function', 'B'),
('3aee51b5', '20', 'injective', 'C'),
('3aee51b5', '20', 'none of these', 'D'),
('9f571dfa', '1', '1.52*10^-4 m ', 'a'),
('9f571dfa', '1', '5.10*10^-3 m ', 'b'),
('9f571dfa', '1', '1.92*10^-3 m ', 'c'),
('9f571dfa', '1', '3.84*10^-3 m ', 'd'),
('9f571dfa', '2', ' 200 and 300 ', 'a'),
('9f571dfa', '2', '300 and 400  ', 'b'),
('9f571dfa', '2', '400 and 600  ', 'c'),
('9f571dfa', '2', '500 and 600  ', 'd'),
('9f571dfa', '3', ' In addition to the normal oxidation states, the zero oxidation state is also shown by these elements. ', 'a'),
('9f571dfa', '3', ' In the highest oxidation states, the transition metal show basic character and form cationic complexes. ', 'b'),
('9f571dfa', '3', ' In the highest oxidation states of the first five transition elements (Sc to Mn), all the 4s and 3d electrons are used for bonding. ', 'c'),
('9f571dfa', '3', ' Once the d^5 configuration is exceeded, the tendency to involve all the 3d electrons in bonding decreases.  ', 'd'),
('9f571dfa', '4', ' smaller size of B-atom as compared to that of C- atom ', 'a'),
('9f571dfa', '4', ' stronger ? bond between B and F in BF3 as compared to that between C and F in CF4 ', 'b'),
('9f571dfa', '4', ' significant p? - p? interaction between B and F in BF whereas there is no possibility of such 3 interaction between C and F in CF4 .  ', 'c'),
('9f571dfa', '4', ' lower degree of p? - p? interaction between B and F in BF3 than that between C and F in CF4 .  ', 'd'),
('9f571dfa', '5', ' extra ordinary hollow nature of atom ', 'a'),
('9f571dfa', '5', ' existence of circular electronic orbits ', 'b'),
('9f571dfa', '5', ' small size of the nucleus ', 'c'),
('9f571dfa', '5', ' exceptionally high density of the nucleus ', 'd'),
('9f571dfa', '6', '1 : 2  ', 'a'),
('9f571dfa', '6', '1 : 1  ', 'b'),
('9f571dfa', '6', '1 : 3  ', 'c'),
('9f571dfa', '6', '3 : 1 ', 'd'),
('9f571dfa', '7', ' K.E. decreases but P.E. increases ', 'a'),
('9f571dfa', '7', ' Both K.E. and P.E. decrease ', 'b'),
('9f571dfa', '7', ' Both K.E. and P.E. increases ', 'c'),
('9f571dfa', '7', ' K.E. increases but P.E. decreases ', 'd'),
('9f571dfa', '8', '1p + 1n  ', 'a'),
('9f571dfa', '8', '2p + 0n  ', 'b'),
('9f571dfa', '8', '1p + 1e  ', 'c'),
('9f571dfa', '8', ' 2p + 2n ', 'd'),
('9f571dfa', '9', ' Size, orientation and shape ', 'a'),
('9f571dfa', '9', ' Size, shape and orientation ', 'b'),
('9f571dfa', '9', ' Shape, size and orientation ', 'c'),
('9f571dfa', '9', ' None of these ', 'd'),
('9f571dfa', '10', ' n-l-1 ', 'a'),
('9f571dfa', '10', ' l ', 'b'),
('9f571dfa', '10', 'n-1 ', 'c'),
('9f571dfa', '10', 'n ', 'd'),
('9f571dfa', '11', ' reddish brown ', 'a'),
('9f571dfa', '11', ' reddish orange ', 'b'),
('9f571dfa', '11', ' bluish yellow ', 'c'),
('9f571dfa', '11', ' bluish green ', 'd'),
('9f571dfa', '12', ' oxygen ', 'a'),
('9f571dfa', '12', ' sodium ', 'b'),
('9f571dfa', '12', ' hydrogen ', 'c'),
('9f571dfa', '12', ' chlorine ', 'd'),
('9f571dfa', '13', ' Microscope ', 'a'),
('9f571dfa', '13', ' Telescope ', 'b'),
('9f571dfa', '13', ' Spectrocope ', 'c'),
('9f571dfa', '13', ' None of these ', 'd'),
('9f571dfa', '14', ' Cosmic < X-rays < radiowaves ', 'a'),
('9f571dfa', '14', ' X-ray < radiowaves < Cosmic ', 'b'),
('9f571dfa', '14', ' Cosmic > X-rays > radiowaves ', 'c'),
('9f571dfa', '14', ' radiowaves > Cosmic > X-rays ', 'd'),
('9f571dfa', '15', '6.87  ', 'a'),
('9f571dfa', '15', '3.42 ', 'b'),
('9f571dfa', '15', '10.26 ', 'c'),
('9f571dfa', '15', '4.59 ', 'd'),
('9f571dfa', '16', ' Brass ', 'a'),
('9f571dfa', '16', 'Air ', 'b'),
('9f571dfa', '16', ' Carat gold ', 'c'),
('9f571dfa', '16', ' Water ', 'd'),
('9f571dfa', '17', ' Uranium and plutonium  ', 'a'),
('9f571dfa', '17', ' Uranium and radium ', 'b'),
('9f571dfa', '17', ' Uraniium and Neptunium ', 'c'),
('9f571dfa', '17', ' Thorium and plutonium ', 'd'),
('9f571dfa', '18', '32 g ', 'a'),
('9f571dfa', '18', '22 g ', 'b'),
('9f571dfa', '18', '42 g ', 'c'),
('9f571dfa', '18', '28 g ', 'd'),
('9f571dfa', '19', '4 ', 'a'),
('9f571dfa', '19', '1 ', 'b'),
('9f571dfa', '19', '2 ', 'c'),
('9f571dfa', '19', ' 3', 'd'),
('9f571dfa', '20', ' factor label method ', 'a'),
('9f571dfa', '20', ' Mathematical operation ', 'b'),
('9f571dfa', '20', ' Involving multiplication and division ', 'c'),
('9f571dfa', '20', ' Significant figures ', 'd'),
('2c5b4697', '1', '0.25', 'A'),
('2c5b4697', '1', '0.145', 'B'),
('2c5b4697', '1', '3/20', 'C'),
('2c5b4697', '1', 'none of these', 'D'),
('2c5b4697', '2', ' 53/ 366', 'A'),
('2c5b4697', '2', '1/7', 'B'),
('2c5b4697', '2', '2/7', 'C'),
('2c5b4697', '2', '53/365', 'D'),
('2c5b4697', '3', '3/5', 'A'),
('2c5b4697', '3', '2/5', 'B'),
('2c5b4697', '3', '0/5', 'C'),
('2c5b4697', '3', '1/5', 'D'),
('2c5b4697', '4', 'reflexive ', 'A'),
('2c5b4697', '4', 'symmetric ', 'B'),
('2c5b4697', '4', 'equivalence relation ', 'C'),
('2c5b4697', '4', 'symmetric and reflexive', 'D'),
('2c5b4697', '5', '1', 'A'),
('2c5b4697', '5', '2', 'B'),
('2c5b4697', '5', '3', 'C'),
('2c5b4697', '5', '4', 'D'),
('2c5b4697', '6', '2', 'A'),
('2c5b4697', '6', '3', 'B'),
('2c5b4697', '6', '0', 'C'),
('2c5b4697', '6', '1', 'D'),
('2c5b4697', '7', 'Cosec x', 'A'),
('2c5b4697', '7', 'Cosec x Cot x', 'B'),
('2c5b4697', '7', '-Cosec2x ', 'C'),
('2c5b4697', '7', 'Cosec x Cot x', 'D'),
('2c5b4697', '8', '1/5', 'A'),
('2c5b4697', '8', '4/5', 'B'),
('2c5b4697', '8', '2/15', 'C'),
('2c5b4697', '8', '1/3', 'D'),
('2c5b4697', '9', '4', 'A'),
('2c5b4697', '9', '5', 'B'),
('2c5b4697', '9', '8', 'C'),
('2c5b4697', '9', '7', 'D'),
('2c5b4697', '10', '12/35', 'A'),
('2c5b4697', '10', '11/35', 'B'),
('2c5b4697', '10', '13/35', 'C'),
('2c5b4697', '10', 'none of these', 'D'),
('2c5b4697', '11', '2', 'A'),
('2c5b4697', '11', '1', 'B'),
('2c5b4697', '11', '0', 'C'),
('2c5b4697', '11', 'none of these', 'D'),
('2c5b4697', '12', '0.15', 'A'),
('2c5b4697', '12', '2/7', 'B'),
('2c5b4697', '12', '7/5', 'C'),
('2c5b4697', '12', 'none of these', 'D'),
('2c5b4697', '13', '1/4', 'A'),
('2c5b4697', '13', '3/8', 'B'),
('2c5b4697', '13', '1/2', 'C'),
('2c5b4697', '13', '1/8', 'D'),
('2c5b4697', '14', '6/13', 'A'),
('2c5b4697', '14', '7/13', 'B'),
('2c5b4697', '14', '1', 'C'),
('2c5b4697', '14', 'none of these', 'D'),
('2c5b4697', '15', 'Mode = 2 Median -3 Mean', 'A'),
('2c5b4697', '15', 'Mode = 3 Median – 2 Mean', 'B'),
('2c5b4697', '15', 'Mode = 2 Mean – 3 Median', 'C'),
('2c5b4697', '15', 'Mode = 3 Mean – 2 Median', 'D'),
('2c5b4697', '16', 'middle most frequent value', 'A'),
('2c5b4697', '16', 'least frequent value', 'B'),
('2c5b4697', '16', 'maximum frequent value', 'C'),
('2c5b4697', '16', 'none of these', 'D'),
('2c5b4697', '17', 'greater than zero', 'A'),
('2c5b4697', '17', 'less than zero', 'B'),
('2c5b4697', '17', 'zero', 'C'),
('2c5b4697', '17', 'a non-zero number', 'D'),
('2c5b4697', '18', 'centred at the upper limits of the classes', 'A'),
('2c5b4697', '18', 'centred at the lower limits of the classes', 'B'),
('2c5b4697', '18', 'centred at the classmarks of the classes', 'C'),
('2c5b4697', '18', 'evenly distributed over all the classes', 'D'),
('2c5b4697', '19', 'mean', 'A'),
('2c5b4697', '19', 'mode', 'B'),
('2c5b4697', '19', 'median', 'C'),
('2c5b4697', '19', 'none of these', 'D'),
('2c5b4697', '20', 'Mean', 'A'),
('2c5b4697', '20', 'mode', 'B'),
('2c5b4697', '20', 'median', 'C'),
('2c5b4697', '20', 'none of these', 'D');

-- --------------------------------------------------------

--
-- Table structure for table `questions`
--

CREATE TABLE `questions` (
  `eid` text NOT NULL,
  `qns` text NOT NULL,
  `sn` int(50) DEFAULT NULL
) ENGINE=InnoDB DEFAULT CHARSET=latin1;

--
-- Dumping data for table `questions`
--

INSERT INTO `questions` (`eid`, `qns`, `sn`) VALUES
('fad8b9aa', 'Angular momentum of the particle rotating with a central force is constant due to ', 5),
('fad8b9aa', 'A 2 kg block slides on a horizontal floor with a speed of 4 m/s. It strikes a uncompressed spring,and compresses it till the block is motionless. The kinetic friction force is 15 N and spring constant is 10,000. N/m. The spring compresses by ', 6),
('fad8b9aa', 'A particle is projected at 60° to the horizontal with a kinetic energy K. The kinetic energy at the highest point is ', 7),
('fad8b9aa', 'A Carnot engine, having an efficiency of ? = 1/10 as heat engine, is used as a refrigerator. If the work done on the system is 10 J, the amount of energy absorbed from the reservoir at lowertemperature is', 8),
('fad8b9aa', 'A bomb of mass 16 kg at rest explodes into two pieces of masses of 4 kg and 12 kg. The velocity of the 12 kg mass is 4 ms?1. The kinetic energy of the other mass is ', 9),
('fad8b9aa', ' A player caught a cricket ball of mass 150 g moving at a rate of 20 m/s. If the catching process is completed in 0.1 s, the force of the blow exerted by the ball on the hand of the player is equal to', 10),
('fad8b9aa', ' ball of mass 0.2 kg is thrown vertically upwards by applying a force by hand. If the hand moves 0.2 m which applying the force and the ball goes upto 2 m height further, find the magnitude of the force. Consider g = 10 m/s2', 11),
('fad8b9aa', ' Starting from the origin, a body oscillates simple harmonically with a period of 2 s. After what time will its kinetic energy be 75% of the total energy &#63;', 12),
('fad8b9aa', ' The maximum velocity of a particle, executing simple harmonic motion with an amplitude 7 mm, is 4.4 m/s. The period of oscillation is ', 13),
('fad8b9aa', ' A string is stretched between fixed points separated by 75 cm. It is observed to have resonant frequencies of 420 Hz and 315 Hz.There are no other resonant frequencies between these two.Then, the lowest resonant frequency for this string is', 14),
('fad8b9aa', ' The work of 146 kJ is performed in order to compress one kilo mole of gas adiabatically and in this process the temperature of the gas increases by 7° C. The gas is ', 15),
('fad8b9aa', ' One kg of a diatomic gas is at a pressure of 8 × 10^4 N/m2 . The density of the gas is 4 kg/m-3. What is the energy of the gas due to its thermal motion &#63;', 16),
('fad8b9aa', ' A motor cycle starts from rest and accelerates along a straight path at 2 m/s2 . At the starting point of the motor cycle there is a stationary electric sire. How far has the motor cycle gone when the driver hears the frequency of the siren at 94% of its value when the motor cycle was at rest? (speed of sound = 330 ms-1)', 17),
('fad8b9aa', ' Three sound waves of equal amplitudes have frequencies (v – 1), v, (v + 1). They superpose to give beats. The number of beats produced per second will be ', 18),
('fad8b9aa', ' In an experiment the angles are required to be measured using an instrument. 29 divisions of the main scale exactly coincide with the 30 divisions of the vernier scale. If the smallest division of the main scale is half-a-degree then the least count of the instrument is', 19),
('fad8b9aa', ' The transition from the state n = 4 to n = 3 in a hydrogen like atom results in ultraviolet radiation. Infrared radiation will be obtained in the transition from ', 20),
('736647db', 'Two lenses of power -15 D and + 5D are in contact with each other. The focal length of the combination is', 1),
('736647db', 'A charged particle moves through a magnetic field perpendicular to its direction. Then', 2),
('736647db', 'The resistance of a wire is 5 ohm at 50°C and 6 ohm at 100°C. The resistance of the wire at 0 °C\r\nwill be\r\n', 3),
('736647db', 'Which of the following transitions in hydrogen atoms emit photons of highest frequency &#63;', 4),
('736647db', 'The potential at a point x (measured in µm) due to some charges situated on the x-axis is given\r\nby V(x) = 20/(x2 ? 4) Volts. The electric field E at x = 4 µm is given by\r\n', 5),
('736647db', ' Carbon, silicon and germanium have four valence electrons each. At room temperature which\r\none of the following statements is most appropriate\r\n &#63;', 6),
('736647db', 'The half-life period of a radio-active element X is same as the mean life time of another radioactive element Y. Initially they have the same number of atoms. Then', 7),
('736647db', 'In gamma ray emission from a nucleus', 8),
('736647db', 'A current I flows along the length of an infinitely long, straight, thin walled pipe. Then', 9),
('736647db', 'A long straight wire of radius ‘a’ caries a steady current i. The current is uniformly distributed across its cross section. The ratio of the magnetic field at a/2 and 2a is', 10),
('736647db', 'A electric dipole is placed at an angle of 30° to a non-uniform electric field. The dipole will\r\nexperience\r\n', 11),
('736647db', 'A material ‘B’ has twice the specific resistance of ‘A’. A circular wire made of ‘B’ has twice the\r\ndiameter of a wire made of ‘A’. Then for the two wires to have the same resistance, the ratio AA /AB\r\nof their respective lengths must be\r\n', 12),
('736647db', 'In a region, steady and uniform electric and magnetic fields are present. These two fields are parallel to each other. A charged particle is released from rest in this region. The path of the particle will be a', 13),
('736647db', 'Needles N1, N2 and N3 are made of a ferromagnetic, a paramagnetic and a diamagnetic\r\nsubstance respectively. A magnet when brought close to them will\r\n', 14),
('736647db', 'The refractive index of glass is 1.520 for red light and 1.525 for blue light. Let D1 and D2 be an of minimum deviation for red and blue light respectively in a prism of this glass. Then', 15),
('736647db', 'In a series resonant LCR circuit, the voltage across R is 100 volts and R = 1 k? with C = 2µF. The resonant frequency ? is 200 rad/s. At resonance the voltage across L is', 16),
('736647db', 'The resistance of a bulb filament is 100 ? at a temperature of 100°C. If its temperature coefficient of resistance be 0.005 per °C, its resistance will become 200 ? at a temperature of', 17),
('736647db', 'In an AC generator, a coil with N turns, all of the same area A and total resistance R, rotates with frequency ? in a magnetic field B. The maximum value of emf generated in the coil is ‘', 18),
('736647db', 'The threshold frequency for a metallic surface corresponds to an energy of 6.2 eV, and the stopping potential for a radiation incident on this surface 5 V. The incident radiation lies in', 19),
('736647db', 'A solid which is transparent to visible light and whose conductivity increases with temperature is formed by', 20),
('fad8b9aa', 'The displacement of an object attached to a spring and executing simple harmonic motion is given by x = 2 &#xd7; 1/100 cos &#x213C;t metres. The time at which the maximum speed first occurs is ', 1),
('fad8b9aa', 'A block of mass &#x2018;m&#x2019; is connected to another block of mass &#x2018;M&#x2019; by a spring (massless) of spring constant &#x2018;k&#x2019;. The blocks are kept on a smooth horizontal plane. Initially the blocks are at rest and the spring is unstretched. Then a constant force &#x2018;F&#x2019; starts acting on the block of mass &#x2018;M&#x2019; to pullit. Find the force on the block of mass &#x2018;m&#x2019;', 2),
('fad8b9aa', 'A sound absorber attenuates the sound level by 20 dB. The intensity decreases by a factor of ', 3),
('fad8b9aa', 'A circular disc of radius R is removed from a bigger circular disc of radius 2R such that the circumferences of the discs coincide. The centre of mass of the new disc is ?/R from the centre of the bigger disc. The value of ? is', 4),
('f9229d6c', 'Copper crystallizes in fcc with a unit cell length of 361 pm. What is the radius of copper atom  &#63;', 1),
('f9229d6c', 'The half life period of a first order chemical reaction is 6.93 minutes. The time required for the completion of 99% of the chemical reaction will be (log 2=0.301) :', 2),
('f9229d6c', 'The major product obtained on interaction of phenol with sodium hydroxide and carbon dioxide is ', 3),
('f9229d6c', 'The major product obtained on interaction of phenol with sodium hydroxide and carbon dioxide is ', 4),
('f9229d6c', ' . A liquid was mixed with ethanol and a drop of concentrated H SO 2 4 was added. A compound with a fruity smell was formed. The liquid was :', 5),
('f9229d6c', 'Which of the following on heating with aqueous KOH, produces acetaldehyde &#63', 6),
('f9229d6c', 'The IUPAC name of neopentane is', 7),
('f9229d6c', 'The two functional groups present in a typical carbohydrate are :', 8),
('f9229d6c', 'Which of the following is a network solid &#63', 9),
('f9229d6c', 'Silicon doped with electron-rich impurity forms', 10),
('f9229d6c', 'Amorphous solid can also be called', 11),
('f9229d6c', 'Amorphous solid can also be called', 12),
('f9229d6c', 'MgO has the structure of NaCl and TlCl has the structure of CsCl. What are the Coordination number os the ions in MgO and TlCl &#63 ', 13),
('f9229d6c', 'In a crystal of zinc sulphide, zinc occupies tetrahedral voids. What is the co-ordination number of zinc &#63', 14),
('f9229d6c', 'Amorphous solid can also be called', 15),
('f9229d6c', 'Aluminum crystallizes in an fcc structures. Atomic radius of the metal is 125 pm. What is the length of the side of the unit cell of the metal &#63', 16),
('f9229d6c', 'Crystal systems in which no two axial lengths are equal are', 17),
('f9229d6c', 'As regards magnetic behaviors, TiO2 is', 18),
('f9229d6c', 'The packing fraction of a simple cubic unit cell is', 19),
('f9229d6c', 'MgO has the structure of NaCl and TlCl has the structure of CsCl. What are the Coordination number os the ions in MgO and TlCl &#63', 20),
('9f571dfa', 'In an atom, an electron is moving with a speed of 600m/s with an accuracy of 0.005%. Certainity with which the position of the electron can be located is', 1),
('9f571dfa', ' Two liquids X and Y form an ideal solution. At 300K, vapour pressure of the solution containing 1 mol of X and 3 mol of Y is 550 mm Hg. At the same temperature, if 1 mol of Y is further added to this solution, vapour pressure of the solution increases by 10 mm Hg. Vapour pressure (in mmHg) of X and Y in their pure states will be, respectively : ', 2),
('9f571dfa', ' In context with the transition elements, which of the following statements is incorrect ?', 3),
('9f571dfa', 'The bond dissociation energy of B – F in BF3 is 646 kJ mol^1 whereas that of C-F in CF4 is 515kJ mol^-1 . The correct reason for higher B-F bond dissociation energy as compared to that of C- F is : ', 4),
('9f571dfa', 'Which of the following feature of an atom is not a direct result of Rutherford’s experiment?', 5),
('9f571dfa', ' Chlorine exists in two isotopic forms, Cl-37 and Cl-35 but its atomic mass is 35.5. This indicates the ratio of Cl-37 and Cl-35 is approximately. ', 6),
('9f571dfa', ' As electron moves away from the nucleus its ', 7),
('9f571dfa', ' Deuterium nucleus contains ', 8),
('9f571dfa', ' Principal, azimuthal and magnetic quantum numbers are respectively related to ', 9),
('9f571dfa', ' Nuclear of spherical/radial nodes in any orbital is ', 10),
('9f571dfa', ' The colour of the tube which contain Neon gas is\r\n ', 11),
('9f571dfa', ' Neutrons can be found in all atomic nucleus except in one i.e.:\r\n ', 12),
('9f571dfa', ' When hydrogen gas at low pressure is taken a the discharge tube and the light emitted on pass electric discharge in examined with:  ', 13),
('9f571dfa', ' Arrange X-rays, cosmic rays and radio waves according to energy. ', 14),
('9f571dfa', ' At STP, the density of Caliby vapour in g/b will be nearest to ', 15),
('9f571dfa', ' Which one of the following is not a mixture? ', 16),
('9f571dfa', ' Nuclear and atomic energy involving use of ', 17),
('9f571dfa', ' The amount of carbon dioxide produced when 2 moles of Carbon are burnt in 16 g of dioxygen ', 18),
('9f571dfa', ' How many compounds formed when Carbon combines with oxygen?\r\n ', 19),
('9f571dfa', ' To convert a physical quantity given in one type of units into some other units is called ', 20),
('3aee51b5', ' If the letters of word SACHIN are arranged in all possible ways and these words are written out as in dictionary, then the word SACHIN appears at serial number ', 1),
('3aee51b5', ' In a triangle ABC, let ?C =90 . If r is the inradius and R is the circumradius of the the triangle ABC, then 2 (r + R) equals', 2),
('3aee51b5', ' If in a triangle ABC, the altitudes from the vertices A, B, C on opposite sides are in H.P., then sin A, sin B, sin C are in ', 3),
('3aee51b5', ' The locus of a point P (?, ?) moving under the condition that the line y = ?x + ? is a tangent to the hyperbola x^2/a^2-y^2/b^2=1 is? ', 4),
('3aee51b5', ' The angle between the lines 2x = 3y = ? z and 6x = ? y = ? 4z is ', 5),
('3aee51b5', ' A boy has nine trousers and 12 shirts. In how many different ways can he select a trouser and a shirt? ', 6),
('3aee51b5', ' Using all the letters of the word \"THURSDAY\", how many different words can be formed? ', 7),
('3aee51b5', ' Using all the letters of the word \"NOKIA\", how many words can be formed, which begin with N and end with A? ', 8),
('3aee51b5', ' The points (– 1, 1) and ( 1, – 1) are symmetrical about the line ', 9),
('3aee51b5', ' The member of the family of lines ( p +q)x + (2p +q)y = p + 2q,, pass through the point ', 10),
('3aee51b5', ' Points on the line x + y = 4 that lie at a unit distance from the line 4x+ 3y–10=0 are ', 11),
('3aee51b5', ' The straight lines of the family x(a+b) + y (a-b) = 2a (a and b being parameters) are ', 12),
('3aee51b5', ' If the sum of the distances of a point from two perpendicular lines in a plane is 1, then its locus is ', 13),
('3aee51b5', ' If the line y = mx meets the lines x + 2y – 1= 0 and 2x – y + 3 = 0 at the same point, then m is equal to ', 14),
('3aee51b5', ' A circle touches the x-axis and also touches the circle with centre at (0, 3) and radius 2. The locus of the centre of the circle is ', 15),
('3aee51b5', ' If the number of elements in a set S are 5. Then the number of elements of the power set P(S) are ? ', 16),
('3aee51b5', ' Which from the following set has closure property w.r.t addition ? ', 17),
('3aee51b5', ' Which from the following set has closure property w.r.t multiplication ? ', 18),
('3aee51b5', ' If a function f: A?B is such that Ran f ? B then f is a/an ? ', 19),
('3aee51b5', ' If a function f: A?B is such that Ran f = B then f is a/an ? ', 20),
('2c5b4697', 'The probability that it will rain tomorrow is 0.85. What is the probability that it will not rain tomorrow', 1),
('2c5b4697', 'The probability of a leap year selected at random contain 53 Sunday is:', 2),
('2c5b4697', 'A bag contains 3 red and 2 blue marbles. A marble is drawn at random. The probability of drawing a black ball is :', 3),
('2c5b4697', 'Let R a relation on Set L of lines define by I. If I is perpendicular then relation R is.', 4),
('2c5b4697', 'The order of the differential equation of all circles of given radius 4 is', 5),
('2c5b4697', 'Write the number of points where f(x)=|x+2| + |x-3| is not differentiable', 6),
('2c5b4697', 'Derivative of cot x   wrt  x is', 7),
('2c5b4697', 'What is the probability that a number selected from the numbers (1, 2, 3,..........,15) is a multiple of 4', 8),
('2c5b4697', 'What are the total outcomes when we throw three coins', 9),
('2c5b4697', 'The probability that a prime number selected at random from the numbers (1,2,3, ..........35) is :', 10),
('2c5b4697', 'The sum of the probability of an event and non event is ', 11),
('2c5b4697', 'The following probabilities are given; choose the correct answer for that which is not possible.', 12),
('2c5b4697', 'If three coins are tossed simultaneously, than the probability of getting at least two heads, is', 13),
('2c5b4697', 'A letter is chosen at random from the letters of the word ASSASSINATION. The probability that the letter chosen has:', 14),
('2c5b4697', 'One of the methods for determining mode is', 15),
('2c5b4697', 'Mode is the', 16),
('2c5b4697', 'The algebraic sum of the deviations of a frequency distribution from its mean is always,', 17),
('2c5b4697', ' While computing mean of grouped data, we assume that the frequencies are', 18),
('2c5b4697', 'Construction of a cumulative frequency table is useful in determining the', 19),
('2c5b4697', 'Which of the following can not be determined graphically', 20);

-- --------------------------------------------------------

--
-- Table structure for table `quiz`
--

CREATE TABLE `quiz` (
  `eid` text NOT NULL,
  `title` varchar(100) NOT NULL,
  `total` int(11) NOT NULL,
  `time` bigint(20) NOT NULL
) ENGINE=InnoDB DEFAULT CHARSET=utf8;

--
-- Dumping data for table `quiz`
--

INSERT INTO `quiz` (`eid`, `title`, `total`, `time`) VALUES
('fad8b9aa', 'PHYSICS QUIZ 11th', 20, 20),
('9f571dfa', 'CHEMISTRY QUIZ 11th', 20, 20),
('3aee51b5', 'MATHS QUIZ 11th', 20, 20),
('736647db', 'PHYSICS QUIZ 12th', 20, 20),
('f9229d6c', 'CHEMISTRY QUIZ 12th', 20, 20),
('2c5b4697', 'MATHS QUIZ 12th', 20, 20);

-- --------------------------------------------------------

--
-- Table structure for table `tempanswer`
--

CREATE TABLE `tempanswer` (
  `eid` text NOT NULL,
  `sn` int(11) NOT NULL,
  `optionid` text NOT NULL
) ENGINE=InnoDB DEFAULT CHARSET=latin1;

--
-- Dumping data for table `tempanswer`
--

INSERT INTO `tempanswer` (`eid`, `sn`, `optionid`) VALUES
('2c5b4697', 4, 'B');

-- --------------------------------------------------------

--
-- Table structure for table `users`
--

CREATE TABLE `users` (
  `user_id` int(11) NOT NULL,
  `user_first` varchar(256) NOT NULL,
  `user_last` varchar(256) NOT NULL,
  `user_uid` varchar(256) NOT NULL,
  `user_pwd` varchar(256) NOT NULL
) ENGINE=InnoDB DEFAULT CHARSET=latin1;

--
-- Indexes for dumped tables
--

--
-- Indexes for table `history`
--
ALTER TABLE `history`
  ADD UNIQUE KEY `serial` (`serial`);

--
-- Indexes for table `users`
--
ALTER TABLE `users`
  ADD PRIMARY KEY (`user_id`);

--
-- AUTO_INCREMENT for dumped tables
--

--
-- AUTO_INCREMENT for table `users`
--
ALTER TABLE `users`
  MODIFY `user_id` int(11) NOT NULL AUTO_INCREMENT, AUTO_INCREMENT=9;
COMMIT;

/*!40101 SET CHARACTER_SET_CLIENT=@OLD_CHARACTER_SET_CLIENT */;
/*!40101 SET CHARACTER_SET_RESULTS=@OLD_CHARACTER_SET_RESULTS */;
/*!40101 SET COLLATION_CONNECTION=@OLD_COLLATION_CONNECTION */;
